title;content
Desayunar;Aenean nec lorem. In porttitor. Donec laoreet nonummy augue.
Ver Netflix;Donec blandit feugiat ligula. Donec hendrerit, felis et imperdiet euismod, purus ipsum pretium metus, in lacinia nulla nisl eget sapien.
Buscar empleo;Donec blandit feugiat ligula. Donec hendrerit, felis et imperdiet euismod, purus ipsum pretium metus, in lacinia nulla nisl eget sapien. Donec ut est in lectus consequat consequat.
Comprar lotería;Etiam eget dui. Aliquam erat volutpat. Sed at lorem in nunc porta tristique.
Tomar Onces;Fusce aliquet pede non pede. Suspendisse dapibus lorem pellentesque magna. Integer nulla.
Entregar proyecto;Fusce est. Vivamus a tellus.
Pagar servicios;Fusce posuere, magna sed pulvinar ultricies, purus lectus malesuada libero, sit amet commodo magna eros quis urna. Nunc viverra imperdiet enim.
Matricular semestre;In porttitor. Donec laoreet nonummy augue.
Hacer mercado;Lorem ipsum dolor sit amet, consectetuer adipiscing elit. Maecenas porttitor congue massa.
Componer música;Lorem ipsum dolor sit amet, consectetuer adipiscing elit. Maecenas porttitor congue massa. Fusce posuere, magna sed pulvinar ultricies, purus lectus malesuada libero, sit amet commodo magna eros quis urna.
Cruzar reportes;Mauris et orci. Aenean nec lorem.
Dormir;Nunc ac magna. Maecenas odio dolor, vulputate vel, auctor ac, accumsan id, felis. Pellentesque cursus sagittis felis.
Cantar en la ducha;Nunc viverra imperdiet enim. Fusce est. Vivamus a tellus.
Presentar informe;Pellentesque habitant morbi tristique senectus et netus et malesuada fames ac turpis egestas. Proin pharetra nonummy pede.
Almorzar;Pellentesque habitant morbi tristique senectus et netus et malesuada fames ac turpis egestas. Proin pharetra nonummy pede. Mauris et orci.
Conducir moto;Proin nec augue. Quisque aliquam tempor magna. Pellentesque habitant morbi tristique senectus et netus et malesuada fames ac turpis egestas.
Jugar Xbox;Suspendisse dapibus lorem pellentesque magna. Integer nulla.
Inscribir materias;Suspendisse dui purus, scelerisque at, vulputate vitae, pretium mattis, nunc. Mauris eget neque at sem venenatis eleifend.
Cenar;Suspendisse dui purus, scelerisque at, vulputate vitae, pretium mattis, nunc. Mauris eget neque at sem venenatis eleifend. Ut nonummy.
Estudiar materia;Ut nonummy. Fusce aliquet pede non pede.
